{
  "backprop" : true,
  "backpropType" : "Standard",
  "confs" : [ {
    "extraArgs" : [ 0 ],
    "l1ByParam" : {
      "W" : 0.0,
      "b" : 0.0
    },
    "l2ByParam" : {
      "W" : 5.0E-4,
      "b" : 0.0
    },
    "layer" : {
      "convolution" : {
        "activationFunction" : "relu",
        "adamMeanDecay" : "NaN",
        "adamVarDecay" : "NaN",
        "biasInit" : 0.0,
        "biasL1" : 0.0,
        "biasL2" : 0.0,
        "biasLearningRate" : 0.001,
        "convolutionType" : "VALID",
        "dist" : null,
        "dropOut" : 0.0,
        "gradientNormalization" : "None",
        "gradientNormalizationThreshold" : 1.0,
        "kernelSize" : [ 5, 5 ],
        "l1" : 0.0,
        "l2" : 5.0E-4,
        "layerName" : null,
        "learningRate" : 0.001,
        "learningRateSchedule" : null,
        "momentum" : "NaN",
        "momentumSchedule" : null,
        "nin" : 3,
        "nout" : 20,
        "padding" : [ 0, 0 ],
        "rho" : "NaN",
        "rmsDecay" : 0.95,
        "stride" : [ 1, 1 ],
        "updater" : "RMSPROP",
        "weightInit" : "XAVIER"
      }
    },
    "leakyreluAlpha" : 0.0,
    "learningRateByParam" : {
      "W" : 0.001,
      "b" : 0.001
    },
    "learningRatePolicy" : "None",
    "lrPolicyDecayRate" : "NaN",
    "lrPolicyPower" : "NaN",
    "lrPolicySteps" : "NaN",
    "maxNumLineSearchIterations" : 5,
    "miniBatch" : true,
    "minimize" : true,
    "numIterations" : 1,
    "optimizationAlgo" : "STOCHASTIC_GRADIENT_DESCENT",
    "seed" : 12345,
    "stepFunction" : null,
    "useDropConnect" : false,
    "useRegularization" : false,
    "variables" : [ "W", "b" ]
  }, {
    "extraArgs" : [ ],
    "l1ByParam" : { },
    "l2ByParam" : { },
    "layer" : {
      "subsampling" : {
        "activationFunction" : "sigmoid",
        "adamMeanDecay" : "NaN",
        "adamVarDecay" : "NaN",
        "biasInit" : 0.0,
        "biasL1" : 0.0,
        "biasL2" : 0.0,
        "biasLearningRate" : 0.001,
        "dist" : null,
        "dropOut" : 0.0,
        "gradientNormalization" : "None",
        "gradientNormalizationThreshold" : 1.0,
        "kernelSize" : [ 2, 2 ],
        "l1" : 0.0,
        "l2" : 5.0E-4,
        "layerName" : null,
        "learningRate" : 0.001,
        "learningRateSchedule" : null,
        "momentum" : "NaN",
        "momentumSchedule" : null,
        "padding" : [ 0, 0 ],
        "poolingType" : "MAX",
        "rho" : "NaN",
        "rmsDecay" : 0.95,
        "stride" : [ 2, 2 ],
        "updater" : "RMSPROP",
        "weightInit" : "XAVIER"
      }
    },
    "leakyreluAlpha" : 0.0,
    "learningRateByParam" : { },
    "learningRatePolicy" : "None",
    "lrPolicyDecayRate" : "NaN",
    "lrPolicyPower" : "NaN",
    "lrPolicySteps" : "NaN",
    "maxNumLineSearchIterations" : 5,
    "miniBatch" : true,
    "minimize" : true,
    "numIterations" : 1,
    "optimizationAlgo" : "STOCHASTIC_GRADIENT_DESCENT",
    "seed" : 12345,
    "stepFunction" : null,
    "useDropConnect" : false,
    "useRegularization" : false,
    "variables" : [ ]
  }, {
    "extraArgs" : [ 0 ],
    "l1ByParam" : {
      "W" : 0.0,
      "b" : 0.0
    },
    "l2ByParam" : {
      "W" : 5.0E-4,
      "b" : 0.0
    },
    "layer" : {
      "convolution" : {
        "activationFunction" : "relu",
        "adamMeanDecay" : "NaN",
        "adamVarDecay" : "NaN",
        "biasInit" : 0.0,
        "biasL1" : 0.0,
        "biasL2" : 0.0,
        "biasLearningRate" : 0.001,
        "convolutionType" : "VALID",
        "dist" : null,
        "dropOut" : 0.0,
        "gradientNormalization" : "None",
        "gradientNormalizationThreshold" : 1.0,
        "kernelSize" : [ 5, 5 ],
        "l1" : 0.0,
        "l2" : 5.0E-4,
        "layerName" : null,
        "learningRate" : 0.001,
        "learningRateSchedule" : null,
        "momentum" : "NaN",
        "momentumSchedule" : null,
        "nin" : 20,
        "nout" : 50,
        "padding" : [ 0, 0 ],
        "rho" : "NaN",
        "rmsDecay" : 0.95,
        "stride" : [ 1, 1 ],
        "updater" : "RMSPROP",
        "weightInit" : "XAVIER"
      }
    },
    "leakyreluAlpha" : 0.0,
    "learningRateByParam" : {
      "W" : 0.001,
      "b" : 0.001
    },
    "learningRatePolicy" : "None",
    "lrPolicyDecayRate" : "NaN",
    "lrPolicyPower" : "NaN",
    "lrPolicySteps" : "NaN",
    "maxNumLineSearchIterations" : 5,
    "miniBatch" : true,
    "minimize" : true,
    "numIterations" : 1,
    "optimizationAlgo" : "STOCHASTIC_GRADIENT_DESCENT",
    "seed" : 12345,
    "stepFunction" : null,
    "useDropConnect" : false,
    "useRegularization" : false,
    "variables" : [ "W", "b" ]
  }, {
    "extraArgs" : [ ],
    "l1ByParam" : { },
    "l2ByParam" : { },
    "layer" : {
      "subsampling" : {
        "activationFunction" : "sigmoid",
        "adamMeanDecay" : "NaN",
        "adamVarDecay" : "NaN",
        "biasInit" : 0.0,
        "biasL1" : 0.0,
        "biasL2" : 0.0,
        "biasLearningRate" : 0.001,
        "dist" : null,
        "dropOut" : 0.0,
        "gradientNormalization" : "None",
        "gradientNormalizationThreshold" : 1.0,
        "kernelSize" : [ 2, 2 ],
        "l1" : 0.0,
        "l2" : 5.0E-4,
        "layerName" : null,
        "learningRate" : 0.001,
        "learningRateSchedule" : null,
        "momentum" : "NaN",
        "momentumSchedule" : null,
        "padding" : [ 0, 0 ],
        "poolingType" : "MAX",
        "rho" : "NaN",
        "rmsDecay" : 0.95,
        "stride" : [ 2, 2 ],
        "updater" : "RMSPROP",
        "weightInit" : "XAVIER"
      }
    },
    "leakyreluAlpha" : 0.0,
    "learningRateByParam" : { },
    "learningRatePolicy" : "None",
    "lrPolicyDecayRate" : "NaN",
    "lrPolicyPower" : "NaN",
    "lrPolicySteps" : "NaN",
    "maxNumLineSearchIterations" : 5,
    "miniBatch" : true,
    "minimize" : true,
    "numIterations" : 1,
    "optimizationAlgo" : "STOCHASTIC_GRADIENT_DESCENT",
    "seed" : 12345,
    "stepFunction" : null,
    "useDropConnect" : false,
    "useRegularization" : false,
    "variables" : [ ]
  }, {
    "extraArgs" : [ 0 ],
    "l1ByParam" : {
      "W" : 0.0,
      "b" : 0.0
    },
    "l2ByParam" : {
      "W" : 5.0E-4,
      "b" : 0.0
    },
    "layer" : {
      "dense" : {
        "activationFunction" : "relu",
        "adamMeanDecay" : "NaN",
        "adamVarDecay" : "NaN",
        "biasInit" : 0.0,
        "biasL1" : 0.0,
        "biasL2" : 0.0,
        "biasLearningRate" : 0.001,
        "dist" : null,
        "dropOut" : 0.0,
        "gradientNormalization" : "None",
        "gradientNormalizationThreshold" : 1.0,
        "l1" : 0.0,
        "l2" : 5.0E-4,
        "layerName" : null,
        "learningRate" : 0.001,
        "learningRateSchedule" : null,
        "momentum" : "NaN",
        "momentumSchedule" : null,
        "nin" : 6050,
        "nout" : 500,
        "rho" : "NaN",
        "rmsDecay" : 0.95,
        "updater" : "RMSPROP",
        "weightInit" : "XAVIER"
      }
    },
    "leakyreluAlpha" : 0.0,
    "learningRateByParam" : {
      "W" : 0.001,
      "b" : 0.001
    },
    "learningRatePolicy" : "None",
    "lrPolicyDecayRate" : "NaN",
    "lrPolicyPower" : "NaN",
    "lrPolicySteps" : "NaN",
    "maxNumLineSearchIterations" : 5,
    "miniBatch" : true,
    "minimize" : true,
    "numIterations" : 1,
    "optimizationAlgo" : "STOCHASTIC_GRADIENT_DESCENT",
    "seed" : 12345,
    "stepFunction" : null,
    "useDropConnect" : false,
    "useRegularization" : false,
    "variables" : [ "W", "b" ]
  }, {
    "extraArgs" : [ ],
    "l1ByParam" : {
      "W" : 0.0,
      "b" : 0.0
    },
    "l2ByParam" : {
      "W" : 5.0E-4,
      "b" : 0.0
    },
    "layer" : {
      "output" : {
        "activationFunction" : "softmax",
        "adamMeanDecay" : "NaN",
        "adamVarDecay" : "NaN",
        "biasInit" : 0.0,
        "biasL1" : 0.0,
        "biasL2" : 0.0,
        "biasLearningRate" : 0.001,
        "customLossFunction" : null,
        "dist" : null,
        "dropOut" : 0.0,
        "gradientNormalization" : "None",
        "gradientNormalizationThreshold" : 1.0,
        "l1" : 0.0,
        "l2" : 5.0E-4,
        "layerName" : null,
        "learningRate" : 0.001,
        "learningRateSchedule" : null,
        "lossFunction" : "NEGATIVELOGLIKELIHOOD",
        "momentum" : "NaN",
        "momentumSchedule" : null,
        "nin" : 500,
        "nout" : 2,
        "rho" : "NaN",
        "rmsDecay" : 0.95,
        "updater" : "RMSPROP",
        "weightInit" : "XAVIER"
      }
    },
    "leakyreluAlpha" : 0.0,
    "learningRateByParam" : {
      "W" : 0.001,
      "b" : 0.001
    },
    "learningRatePolicy" : "None",
    "lrPolicyDecayRate" : "NaN",
    "lrPolicyPower" : "NaN",
    "lrPolicySteps" : "NaN",
    "maxNumLineSearchIterations" : 5,
    "miniBatch" : true,
    "minimize" : true,
    "numIterations" : 1,
    "optimizationAlgo" : "STOCHASTIC_GRADIENT_DESCENT",
    "seed" : 12345,
    "stepFunction" : null,
    "useDropConnect" : false,
    "useRegularization" : false,
    "variables" : [ "W", "b" ]
  } ],
  "inputPreProcessors" : {
    "0" : {
      "feedForwardToCnn" : {
        "inputHeight" : 56,
        "inputWidth" : 56,
        "numChannels" : 3
      }
    },
    "4" : {
      "cnnToFeedForward" : {
        "inputHeight" : 11,
        "inputWidth" : 11,
        "numChannels" : 50
      }
    }
  },
  "pretrain" : false,
  "redistributeParams" : false,
  "tbpttBackLength" : 20,
  "tbpttFwdLength" : 20
}